{"flight_angle": -90.0, "thermal_camera_shooting_distance": 6.3805131912231445, "rgb_camera_shooting_distance": 5.878739356994629, "orientation": -180.0}