{"path": [{"y": 51.20315933172749, "x": 36.24518972265631, "z": 10.004722021520138}, {"y": 0, "x": 60, "z": 10}, {"y": 40, "x": -10, "z": 10}], "h_d": 5}