{"path": [{"y": 14.037945746920087, "x": -7.611044733339077, "z": 29.899668119847775}, {"y": 39.525338466976194, "x": -7.446469171909712, "z": 30.0}], "h_d": 24}