{"flight_angle": -232.0, "thermal_camera_shooting_distance": 6.3805131912231445, "rgb_camera_shooting_distance": 5.878739356994629, "orientation": -322.0}