{"flight_angle": 90.0, "thermal_camera_shooting_distance": 8.247371673583984, "rgb_camera_shooting_distance": 8.813263893127441}