{"path": [{"y": 2.4700577252536906, "x": 2.81410344361099, "z": 4.4850664138793945}, {"y": 0, "x": 2, "z": 4.5}], "h_d": 2.5}